run,port_cum_return
1,0.19107
2,0.21206
3,-0.07037
4,0.127184
5,0.48203
6,0.395576
7,0.083512
8,0.136069
9,0.007261
10,0.3128
