run,Semiconductor,Internet
1,0.807617,0.192383
2,0.755473,0.244527
3,0.744925,0.255075
4,0.792308,0.207693
5,0.76833,0.231671
6,0.826902,0.173098
7,0.801324,0.198676
8,0.812974,0.187026
9,0.72333,0.27667
10,0.752705,0.247294
