run,var95
1,0.013435
2,0.011804
3,0.013776
4,0.014369
5,0.012423
6,0.012098
7,0.012647
8,0.011921
9,0.012516
10,0.013949
