run,port_ret_series_head3
1,"[0.001069, 0.00761, 0.017922]"
2,"[-0.008433, 0.008209, -0.003945]"
3,"[-0.002203, 0.006029, 0.006672]"
4,"[0.007621, 0.006045, 0.002791]"
5,"[0.004833, -0.007841, -0.005297]"
6,"[0.005234, -0.000795, 0.007623]"
7,"[0.018453, -0.010052, -0.000646]"
8,"[0.014291, -0.008279, -0.007008]"
9,"[-0.006045, -0.001595, -0.001972]"
10,"[0.005419, -0.002321, 0.008404]"
