run,asset_cum_005930
1,0.431554
2,0.23484
3,-0.077198
4,0.138894
5,0.378177
6,0.255649
7,0.204882
8,0.287475
9,-0.169769
10,0.368376
