run,beta,alpha
1,-0.057606,1.165921
2,0.00503,0.604144
3,-0.183971,-0.191792
4,0.00659,0.336083
5,0.139849,0.996675
6,0.270087,0.606124
7,0.02241,0.500393
8,-0.00041,0.741325
9,-0.085397,-0.310524
10,-0.053755,0.96832
