run,rolling_vol20_005930_last
1,0.019594
2,0.012441
3,0.013822
4,0.010154
5,0.013338
6,0.012623
7,0.014034
8,0.014358
9,0.009905
10,0.01655
