run,corr,cov
1,0.010449,2.2e-06
2,-0.083612,-1.955e-05
3,0.028047,6.02e-06
4,0.134762,2.977e-05
5,0.024386,5.95e-06
6,0.085207,1.86e-05
7,-0.009511,-2.06e-06
8,-0.055364,-1.266e-05
9,0.026165,5.27e-06
10,0.082547,1.802e-05
